Sample,SiO2,TiO2,Al2O3,FeO,Fe2O3,MnO,MgO,CaO,Na2O,K2O,Cr2O3,H2O,P2O5,NiO,CoO,CO2,FeO_tot
A,48.17427093,2.197386241,15.80972562,10.86046879,0,0.177183777,8.567278922,9.051132019,3.644721295,1.519513498,0,1.75,0,0,0,0,0